[
  {
    "id": 1,
    "english": "Hello, how are you?",
    "turkish": "Merhaba, nasılsın?",
    "category": "Greetings",
    "difficulty": "easy",
    "word_count": 4,
    "tags": ["greeting", "basic"]
  },
  {
    "id": 2,
    "english": "I am fine, thank you. And you?",
    "turkish": "Ben iyiyim, teşekkür ederim. Ya sen?",
    "category": "Greetings",
    "difficulty": "easy",
    "word_count": 6,
    "tags": ["greeting", "response"]
  },
  {
    "id": 3,
    "english": "What is your name?",
    "turkish": "Adın ne?",
    "category": "Introduction",
    "difficulty": "easy",
    "word_count": 4,
    "tags": ["introduction", "basic"]
  },
  {
    "id": 4,
    "english": "My name is John.",
    "turkish": "Benim adım John.",
    "category": "Introduction",
    "difficulty": "easy",
    "word_count": 4,
    "tags": ["introduction", "response"]
  },
  {
    "id": 5,
    "english": "Where are you from?",
    "turkish": "Nerelisin?",
    "category": "Introduction",
    "difficulty": "easy",
    "word_count": 4,
    "tags": ["introduction", "origin"]
  },
  {
    "id": 6,
    "english": "I am from Turkey.",
    "turkish": "Türkiye'denim.",
    "category": "Introduction",
    "difficulty": "easy",
    "word_count": 4,
    "tags": ["introduction", "origin"]
  },
  {
    "id": 7,
    "english": "Nice to meet you.",
    "turkish": "Tanıştığıma memnun oldum.",
    "category": "Introduction",
    "difficulty": "easy",
    "word_count": 4,
    "tags": ["introduction", "polite"]
  },
  {
    "id": 8,
    "english": "How old are you?",
    "turkish": "Kaç yaşındasın?",
    "category": "Introduction",
    "difficulty": "easy",
    "word_count": 4,
    "tags": ["introduction", "age"]
  },
  {
    "id": 9,
    "english": "I am 25 years old.",
    "turkish": "25 yaşındayım.",
    "category": "Introduction",
    "difficulty": "easy",
    "word_count": 5,
    "tags": ["introduction", "age"]
  },
  {
    "id": 10,
    "english": "What do you do?",
    "turkish": "Ne iş yapıyorsun?",
    "category": "Occupation",
    "difficulty": "easy",
    "word_count": 4,
    "tags": ["occupation", "work"]
  },
  {
    "id": 11,
    "english": "I am a student.",
    "turkish": "Ben bir öğrenciyim.",
    "category": "Occupation",
    "difficulty": "easy",
    "word_count": 4,
    "tags": ["occupation", "student"]
  },
  {
    "id": 12,
    "english": "I work as a teacher.",
    "turkish": "Öğretmen olarak çalışıyorum.",
    "category": "Occupation",
    "difficulty": "medium",
    "word_count": 5,
    "tags": ["occupation", "teacher"]
  },
  {
    "id": 13,
    "english": "What time is it?",
    "turkish": "Saat kaç?",
    "category": "Time",
    "difficulty": "easy",
    "word_count": 4,
    "tags": ["time", "basic"]
  },
  {
    "id": 14,
    "english": "It is three o'clock.",
    "turkish": "Saat üç.",
    "category": "Time",
    "difficulty": "easy",
    "word_count": 4,
    "tags": ["time", "clock"]
  },
  {
    "id": 15,
    "english": "What is this?",
    "turkish": "Bu nedir?",
    "category": "Questions",
    "difficulty": "easy",
    "word_count": 3,
    "tags": ["question", "basic"]
  },
  {
    "id": 16,
    "english": "This is a book.",
    "turkish": "Bu bir kitap.",
    "category": "Answers",
    "difficulty": "easy",
    "word_count": 4,
    "tags": ["answer", "object"]
  },
  {
    "id": 17,
    "english": "Where is the bathroom?",
    "turkish": "Banyo nerede?",
    "category": "Places",
    "difficulty": "easy",
    "word_count": 4,
    "tags": ["place", "bathroom"]
  },
  {
    "id": 18,
    "english": "I would like a coffee, please.",
    "turkish": "Bir kahve alabilir miyim, lütfen.",
    "category": "Food & Drink",
    "difficulty": "medium",
    "word_count": 6,
    "tags": ["food", "drink", "polite"]
  },
  {
    "id": 19,
    "english": "How much does it cost?",
    "turkish": "Bu ne kadar?",
    "category": "Shopping",
    "difficulty": "easy",
    "word_count": 4,
    "tags": ["shopping", "price"]
  },
  {
    "id": 20,
    "english": "Can you help me, please?",
    "turkish": "Bana yardım edebilir misiniz, lütfen?",
    "category": "Requests",
    "difficulty": "medium",
    "word_count": 5,
    "tags": ["request", "help", "polite"]
  },
  {
    "id": 21,
    "english": "I don't understand.",
    "turkish": "Anlamıyorum.",
    "category": "Communication",
    "difficulty": "easy",
    "word_count": 3,
    "tags": ["communication", "problem"]
  },
  {
    "id": 22,
    "english": "Could you speak more slowly, please?",
    "turkish": "Daha yavaş konuşabilir misiniz, lütfen?",
    "category": "Communication",
    "difficulty": "hard",
    "word_count": 6,
    "tags": ["communication", "request"]
  },
  {
    "id": 23,
    "english": "What is your favorite color?",
    "turkish": "En sevdiğin renk nedir?",
    "category": "Preferences",
    "difficulty": "medium",
    "word_count": 5,
    "tags": ["preference", "color"]
  },
  {
    "id": 24,
    "english": "I like listening to music.",
    "turkish": "Müzik dinlemeyi severim.",
    "category": "Hobbies",
    "difficulty": "medium",
    "word_count": 5,
    "tags": ["hobby", "music"]
  },
  {
    "id": 25,
    "english": "The weather is nice today.",
    "turkish": "Bugün hava güzel.",
    "category": "Weather",
    "difficulty": "easy",
    "word_count": 4,
    "tags": ["weather", "nice"]
  },
  {
    "id": 26,
    "english": "I need to go to the hospital.",
    "turkish": "Hastaneye gitmem gerek.",
    "category": "Health",
    "difficulty": "medium",
    "word_count": 6,
    "tags": ["health", "emergency"]
  },
  {
    "id": 27,
    "english": "Where is the nearest pharmacy?",
    "turkish": "En yakın eczane nerede?",
    "category": "Health",
    "difficulty": "medium",
    "word_count": 5,
    "tags": ["health", "pharmacy"]
  },
  {
    "id": 28,
    "english": "I'm allergic to peanuts.",
    "turkish": "Yer fıstığına alerjim var.",
    "category": "Health",
    "difficulty": "hard",
    "word_count": 5,
    "tags": ["health", "allergy"]
  },
  {
    "id": 29,
    "english": "Could you call a taxi for me?",
    "turkish": "Benim için bir taksi çağırabilir misiniz?",
    "category": "Transportation",
    "difficulty": "medium",
    "word_count": 6,
    "tags": ["transportation", "taxi"]
  },
  {
    "id": 30,
    "english": "How can I get to the city center?",
    "turkish": "Şehir merkezine nasıl gidebilirim?",
    "category": "Directions",
    "difficulty": "medium",
    "word_count": 7,
    "tags": ["directions", "city"]
  }
]