{
  "words": [
    { "category": "objects", "word": "book", "translation": "kitap", "image": "images/objects/book.jpg", "sentence": "I am reading a book.", "translation_sentence": "Bir kitap okuyorum." },
    { "category": "objects", "word": "pen", "translation": "kalem", "image": "images/objects/pen.jpg", "sentence": "This pen is blue.", "translation_sentence": "Bu kalem mavidir." },
    { "category": "objects", "word": "table", "translation": "masa", "image": "images/objects/table.jpg", "sentence": "The food is on the table.", "translation_sentence": "Yemek masanın üstünde." },
    { "category": "objects", "word": "chair", "translation": "sandalye", "image": "images/objects/chair.jpg", "sentence": "He is sitting on the chair.", "translation_sentence": "O, sandalyede oturuyor." },
    { "category": "objects", "word": "phone", "translation": "telefon", "image": "images/objects/phone.jpg", "sentence": "My phone is new.", "translation_sentence": "Telefonum yeni." },
    { "category": "objects", "word": "computer", "translation": "bilgisayar", "image": "images/objects/computer.jpg", "sentence": "She uses a computer at work.", "translation_sentence": "İş yerinde bilgisayar kullanır." },
    { "category": "objects", "word": "bag", "translation": "çanta", "image": "images/objects/bag.jpg", "sentence": "Her bag is on the floor.", "translation_sentence": "Çantası yerde." },
    { "category": "objects", "word": "key", "translation": "anahtar", "image": "images/objects/key.jpg", "sentence": "I lost my keys.", "translation_sentence": "Anahtarlarımı kaybettim." },
    { "category": "objects", "word": "ball", "translation": "top", "image": "images/objects/ball.jpg", "sentence": "The children are playing with a ball.", "translation_sentence": "Çocuklar topla oynuyor." },
    { "category": "objects", "word": "clock", "translation": "saat", "image": "images/objects/clock.jpg", "sentence": "The clock shows 10 o’clock.", "translation_sentence": "Saat 10’u gösteriyor." },
    { "category": "objects", "word": "lamp", "translation": "lamba", "image": "images/objects/lamp.jpg", "sentence": "The lamp is very bright.", "translation_sentence": "Lamba çok parlak." },
    { "category": "objects", "word": "door", "translation": "kapı", "image": "images/objects/door.jpg", "sentence": "The door is open.", "translation_sentence": "Kapı açık." },
    { "category": "objects", "word": "window", "translation": "pencere", "image": "images/objects/window.jpg", "sentence": "The window is clean.", "translation_sentence": "Pencere temiz." },
    { "category": "objects", "word": "bottle", "translation": "şişe", "image": "images/objects/bottle.jpg", "sentence": "The bottle is full of water.", "translation_sentence": "Şişe suyla dolu." },
    { "category": "objects", "word": "cup", "translation": "fincan", "image": "images/objects/cup.jpg", "sentence": "He drinks tea in a cup.", "translation_sentence": "Bir fincanda çay içer." },
    { "category": "objects", "word": "television", "translation": "televizyon", "image": "images/objects/television.jpg", "sentence": "They are watching television.", "translation_sentence": "Onlar televizyon izliyor." },
    { "category": "objects", "word": "bed", "translation": "yatak", "image": "images/objects/bed.jpg", "sentence": "The baby is sleeping in the bed.", "translation_sentence": "Bebek yatakta uyuyor." },
    { "category": "objects", "word": "shoes", "translation": "ayakkabı", "image": "images/objects/shoes.jpg", "sentence": "My shoes are black.", "translation_sentence": "Ayakkabılarım siyah." },
    { "category": "objects", "word": "glasses", "translation": "gözlük", "image": "images/objects/glasses.jpg", "sentence": "She wears glasses to read.", "translation_sentence": "Okumak için gözlük takar." },
    { "category": "objects", "word": "umbrella", "translation": "şemsiye", "image": "images/objects/umbrella.jpg", "sentence": "Take an umbrella, it’s raining.", "translation_sentence": "Şemsiye al, yağmur yağıyor." }
  ]
}
