[
  {
    "word": "put off",
    "image": "images/phrasal/putoff.jpg",
    "difficulty": "medium",
    "category": "Phrasal Verbs",
    "turkish": "Ertelemek",
    "audio": "audio/phrasal/putoff.mp3"
  },
  {
    "word": "look up",
    "image": "images/phrasal/lookup.jpg",
    "difficulty": "medium",
    "category": "Phrasal Verbs",
    "turkish": "Sözlükten/Bilgisayardan bakmak, aramak",
    "audio": "audio/phrasal/lookup.mp3"
  },
  {
    "word": "call off",
    "image": "images/phrasal/calloff.jpg",
    "difficulty": "medium",
    "category": "Phrasal Verbs",
    "turkish": "İptal etmek",
    "audio": "audio/phrasal/calloff.mp3"
  },
  {
    "word": "take off",
    "image": "images/phrasal/takeoff.jpg",
    "difficulty": "easy",
    "category": "Phrasal Verbs",
    "turkish": "Havalanmak (uçak) / Kıyafet çıkarmak",
    "audio": "audio/phrasal/takeoff.mp3"
  },
  {
    "word": "give up",
    "image": "images/phrasal/giveup.jpg",
    "difficulty": "easy",
    "category": "Phrasal Verbs",
    "turkish": "Vazgeçmek, bırakmak",
    "audio": "audio/phrasal/giveup.mp3"
  },
  {
    "word": "run out of",
    "image": "images/phrasal/runoutof.jpg",
    "difficulty": "hard",
    "category": "Phrasal Verbs",
    "turkish": "Tükenmek, bitmek (stok)",
    "audio": "audio/phrasal/runoutof.mp3"
  },
  {
    "word": "figure out",
    "image": "images/phrasal/figureout.jpg",
    "difficulty": "medium",
    "category": "Phrasal Verbs",
    "turkish": "Anlamak, çözmek (bir problemi)",
    "audio": "audio/phrasal/figureout.mp3"
  }
]